Date,Precipitation,Temperature,PotentialET,ObservedQ,SnowPack,LiquidWater,RunoffFromSnow,SoilMoisture,Recharge,RunoffSoil,ActualET,UpperStorage,LowerStorage,QuickFlow,IntermediateFlow,Baseflow,Discharge
1982-01-15,0.7,20.9,0.24,0.113,0.0,0.0,0.7,30.603428571428573,0.028000000000000004,0.0,0.06857142857142856,6.8224,20.425,0.0,1.7056000000000002,1.075,2.7806
1982-01-16,0.7,21.2,0.24,0.111,0.0,0.0,0.7,31.204340149185306,0.029137728365714283,0.0,0.06995069387755103,4.281230182692571,20.82875,0.0,1.0703075456731428,1.0962500000000002,2.166557545673143
1982-01-17,0.4,21.6,0.24,0.111,0.0,0.0,0.4,31.515705528122982,0.017310415007041034,0.0,0.0713242060552807,2.23883247815969,21.2123125,0.0,0.5597081195399225,1.1164375,1.6761456195399225
1982-01-18,0.5,21.7,0.24,0.11,0.0,0.0,0.5,31.9215976365522,0.022071993220785815,0.0,0.0720358983499954,0.6087235771043809,21.576696875,0.0,0.1521808942760952,1.135615625,1.2877965192760952
1982-01-19,0.4,22.0,0.24,0.108,0.0,0.0,0.4,32.23051863555515,0.018115349256354402,0.0,0.07296365174069074,0.0,21.093359011292698,0.0,0.0,1.1101767900680368,1.1101767900680368
1982-01-20,0.1,22.0,0.25,0.106,0.0,0.0,0.1,32.24916238844153,0.004616917028963856,0.0,0.07673933008465512,0.0,20.04307713190558,0.0,0.0,1.0548987964160832,1.0548987964160832
1982-01-21,0.0,22.1,0.25,0.103,0.0,0.0,0.0,32.17237866846905,0.0,0.0,0.07678371997247985,0.0,19.040923275310302,0.0,0.0,1.002153856595279,1.002153856595279
1982-01-22,0.0,22.1,0.25,0.103,0.0,0.0,0.0,32.09577776687746,0.0,0.0,0.07660090159159298,0.0,18.088877111544786,0.0,0.0,0.9520461637655151,0.9520461637655151
1982-01-23,0.0,23.0,0.25,0.1,0.0,0.0,0.0,32.019359248384895,0.0,0.0,0.07641851849256538,0.0,17.184433255967548,0.0,0.0,0.9044438555772394,0.9044438555772394
1982-01-24,0.0,23.5,0.25,0.102,0.0,0.0,0.0,31.943122678745883,0.0,0.0,0.07623656963901165,0.0,16.325211593169172,0.0,0.0,0.8592216627983774,0.8592216627983774
1982-01-25,0.0,23.3,0.25,0.111,0.0,0.0,0.0,31.86706762474887,0.0,0.0,0.07605505399701401,0.0,15.508951013510714,0.0,0.0,0.8162605796584587,0.8162605796584587
1982-01-26,0.0,23.8,0.25,0.11,0.0,0.0,0.0,31.791193654213753,0.0,0.0,0.07587397053511635,0.0,14.733503462835179,0.0,0.0,0.7754475506755357,0.7754475506755357
1982-01-27,0.1,24.1,0.25,0.108,0.0,0.0,0.1,31.81100842490517,0.004491911084265427,0.0,0.07569331822431846,0.0,14.001095605223473,0.0,0.0,0.7368997686959723,0.7368997686959723
1982-01-28,0.0,23.4,0.25,0.103,0.0,0.0,0.0,31.735267928655396,0.0,0.0,0.07574049624977422,0.0,13.3010408249623,0.0,0.0,0.7000547802611736,0.7000547802611736
1982-01-29,0.0,24.5,0.25,0.099,0.0,0.0,0.0,31.6597077669205,0.0,0.0,0.0755601617348938,0.0,12.635988783714184,0.0,0.0,0.665052041248115,0.665052041248115
1982-01-30,0.0,23.7,0.26,0.096,0.0,0.0,0.0,31.58131230006908,0.0,0.0,0.0783954668514222,0.0,12.004189344528475,0.0,0.0,0.6317994391857092,0.6317994391857092
1982-01-31,0.0,23.0,0.26,0.091,0.0,0.0,0.0,31.50311095532605,0.0,0.0,0.0782013447430282,0.0,11.403979877302051,0.0,0.0,0.6002094672264238,0.6002094672264238
1982-02-01,0.0,21.7,0.26,0.087,0.0,0.0,0.0,31.4251032520081,0.0,0.0,0.07800770331795023,0.0,10.83378088343695,0.0,0.0,0.5701989938651025,0.5701989938651025
1982-02-02,0.0,21.8,0.26,0.086,0.0,0.0,0.0,31.347288710622173,0.0,0.0,0.07781454138592482,0.0,10.292091839265101,0.0,0.0,0.5416890441718475,0.5416890441718475
1982-02-03,0.1,21.9,0.26,0.083,0.0,0.0,0.1,31.36529950837584,0.004367344486698224,0.0,0.07762185775963586,0.0,9.78163622456421,0.0,0.0,0.51482295918759,0.51482295918759
1982-02-04,0.0,22.1,0.26,0.08,0.0,0.0,0.0,31.28763305245034,0.0,0.0,0.07766645592550209,0.0,9.292554413336,0.0,0.0,0.4890818112282105,0.4890818112282105
1982-02-05,0.1,21.4,0.26,0.078,0.0,0.0,0.1,31.30580817576543,0.004350737697887924,0.0,0.0774741389870199,0.0,8.832059893482192,0.0,0.0,0.46484525755169437,0.46484525755169437
1982-02-06,0.0,21.2,0.26,0.075,0.0,0.0,0.0,31.228289031711157,0.0,0.0,0.0775191440542763,0.0,8.390456898808083,0.0,0.0,0.44160299467410963,0.44160299467410963
1982-02-07,0.4,20.9,0.26,0.075,0.0,0.0,0.4,31.533624843630253,0.017336996192854958,0.0,0.07732719188804667,0.0,7.98740420025089,0.0,0.0,0.4203896947500469,0.4203896947500469
1982-02-08,3.8,19.3,0.26,0.074,0.0,0.0,3.8,35.087603622825604,0.16793795928708877,0.0,0.07808326151756063,0.0,7.747575051561079,0.0,0.0,0.40776710797689897,0.40776710797689897
1982-02-09,1.1,18.6,0.26,0.072,0.0,0.0,1.1,36.04053096975611,0.060189063146301194,0.0,0.08688358992318722,0.0,7.417375908972011,0.0,0.0,0.39038820573536903,0.39038820573536903
1982-02-10,0.0,20.4,0.27,0.07,0.0,0.0,0.0,35.947855318691026,0.0,0.0,0.09267565106508714,0.0,7.04650711352341,0.0,0.0,0.3708687954486006,0.3708687954486006
1982-02-11,0.0,20.9,0.27,0.07,0.0,0.0,0.0,35.855417976442965,0.0,0.0,0.09243734224806265,0.0,6.69418175784724,0.0,0.0,0.3523253556761705,0.3523253556761705
1982-02-12,0.6,20.8,0.27,0.069,0.0,0.0,0.6,36.328935370264084,0.03428295995374478,0.0,0.09219964622513906,0.0,6.392041481910935,0.0,0.0,0.33642323589004924,0.33642323589004924
1982-02-13,0.6,20.3,0.27,0.067,0.0,0.0,0.6,36.80032366667976,0.03519444120364866,0.0,0.09341726238067907,0.0,6.105874126958854,0.0,0.0,0.3213617961557292,0.3213617961557292
1982-02-14,0.0,20.3,0.27,0.067,0.0,0.0,0.0,36.70569426296544,0.0,0.0,0.09462940371431938,0.0,5.8005804206109115,0.0,0.0,0.30529370634794273,0.30529370634794273
1982-02-15,2.3,20.7,0.27,0.069,0.0,0.0,2.3,38.773583375112395,0.13772481689113225,0.0,0.09438607096191114,0.0,5.641389975626941,0.0,0.0,0.2969152618751022,0.2969152618751022
1982-02-16,0.6,19.9,0.27,0.069,0.0,0.0,0.6,39.23378945453172,0.0400904204732478,0.0,0.09970350010743188,0.0,5.397406376295179,0.0,0.0,0.28407401980500946,0.28407401980500946
1982-02-17,0.2,20.9,0.27,0.07,0.0,0.0,0.2,39.31921998749659,0.01368257986633355,0.0,0.10088688716879585,0.0,5.140534508353437,0.0,0.0,0.27055444780807564,0.27055444780807564
1982-02-18,1.2,21.5,0.27,0.066,0.0,0.0,1.2,40.33566003192511,0.0824533898893414,0.0,0.10110656568213408,0.0,4.96183850333064,0.0,0.0,0.26114939491213895,0.26114939491213895
1982-02-19,1.3,22.7,0.27,0.066,0.0,0.0,1.3,41.43793731388161,0.09400244938997125,0.0,0.10372026865352171,0.0,4.80304890508458,0.0,0.0,0.2527920476360305,0.2527920476360305
1982-02-20,1.0,23.1,0.28,0.065,0.0,0.0,1.0,42.25112047442996,0.07631567328129699,0.0,0.11050116617035097,0.0,4.635396349447583,0.0,0.0,0.24396822891829384,0.24396822891829384
1982-02-21,0.2,23.1,0.28,0.064,0.0,0.0,0.2,42.32258275599731,0.01586806383417595,0.0,0.1126696545984799,0.0,4.418701192617672,0.0,0.0,0.23256322066408797,0.23256322066408797
1982-02-22,0.3,24.0,0.28,0.063,0.0,0.0,0.3,42.485839855166134,0.02388268014850987,0.0,0.11286022068265951,0.0,4.220454679127872,0.0,0.0,0.22212919363830907,0.22212919363830907
1982-02-23,0.7,24.3,0.28,0.061,0.0,0.0,0.7,43.01638727725284,0.05615700496618559,0.0,0.11329557294710971,0.0,4.062781099889355,0.0,0.0,0.2138305842047029,0.2138305842047029
1982-02-24,1.6,24.6,0.28,0.06,0.0,0.0,1.6,44.3700922303349,0.13158468084526934,0.0,0.11471036607267426,0.0,3.984647491697893,0.0,0.0,0.2097182890367312,0.2097182890367312
1982-02-25,1.7,24.7,0.28,0.059,0.0,0.0,1.7,45.80302537800075,0.14874660638659212,0.0,0.11832024594755974,0.0,3.9267243931802613,0.0,0.0,0.2066697049042243,0.2066697049042243
1982-02-26,0.2,24.3,0.28,0.059,0.0,0.0,0.2,45.862235824692505,0.018648152300246936,0.0,0.122141401008002,0.0,3.748103918206483,0.0,0.0,0.19726862727402542,0.19726862727402542
1982-02-27,0.8,24.3,0.28,0.057,0.0,0.0,0.8,46.465150940721244,0.0747855884387452,0.0,0.12229929553251336,0.0,3.6317450313129664,0.0,0.0,0.19114447533226142,0.19114447533226142
1982-02-28,1.2,25.2,0.28,0.058,0.0,0.0,1.2,47.426096658108975,0.11514721343701376,0.0,0.12390706917525666,0.0,3.5595476325124813,0.0,0.0,0.18734461223749901,0.18734461223749901
1982-03-01,3.5,24.5,0.28,0.058,0.0,0.0,3.5,50.44974612236357,0.3498809446571125,0.0,0.12646959108829062,0.0,3.7139571483111142,0.0,0.0,0.1954714288584797,0.1954714288584797
1982-03-02,3.9,21.3,0.28,0.059,0.0,0.0,3.9,53.77404947284337,0.4411639931938959,0.0,0.13453265632630287,0.0,3.947365084429759,0.0,0.0,0.2077560570752505,0.2077560570752505
1982-03-03,4.3,21.6,0.28,0.059,0.0,0.0,4.3,57.37802586954496,0.5526261380374918,0.0,0.14339746526091565,0.0,4.274991661343889,0.0,0.0,0.22499956112336258,0.22499956112336258
1982-03-04,1.5,22.7,0.29,0.059,0.0,0.0,1.5,58.50007070315476,0.21948252351241138,0.0,0.15847264287779084,0.0,4.269750475613486,0.0,0.0,0.22472370924281504,0.22472370924281504
1982-03-05,0.7,22.3,0.29,0.058,0.0,0.0,0.7,58.932028821948315,0.10647025735963883,0.0,0.16157162384680837,0.0,4.157409696324469,0.0,0.0,0.21881103664865625,0.21881103664865625
1982-03-06,0.9,22.7,0.29,0.063,0.0,0.0,0.9,59.53034481007342,0.13891936084283787,0.0,0.1627646510320477,0.0,4.081512604308942,0.0,0.0,0.21481645285836534,0.21481645285836534
1982-03-07,0.4,23.4,0.29,0.067,0.0,0.0,0.4,59.70292567698543,0.06300199027922197,0.0,0.1644171428087742,0.0,3.9372888648587554,0.0,0.0,0.2072257297294082,0.2072257297294082
1982-03-08,1.1,23.8,0.29,0.067,0.0,0.0,1.1,60.46377040368826,0.17426147857025828,0.0,0.16489379472691212,0.0,3.905972826257563,0.0,0.0,0.20557751717145067,0.20557751717145067
1982-03-09,0.0,24.1,0.29,0.071,0.0,0.0,0.0,60.29677522828759,0.0,0.0,0.1669951754006628,0.0,3.710674184944685,0.0,0.0,0.19529864131287816,0.19529864131287816
1982-03-10,0.0,24.3,0.29,0.08,0.0,0.0,0.0,60.130241277657085,0.0,0.0,0.16653395063050858,0.0,3.5251404756974507,0.0,0.0,0.18553370924723425,0.18553370924723425
1982-03-11,0.0,24.4,0.29,0.079,0.0,0.0,0.0,59.96416727793784,0.0,0.0,0.16607399971924336,0.0,3.3488834519125783,0.0,0.0,0.17625702378487254,0.17625702378487254
1982-03-12,0.3,24.6,0.29,0.082,0.0,0.0,0.3,60.05060927402476,0.04794268476448681,0.0,0.1656153191485902,0.0,3.2269848298432118,0.0,0.0,0.16984130683385326,0.16984130683385326
1982-03-13,2.0,24.3,0.29,0.079,0.0,0.0,2.0,61.56421515038829,0.32054005992725226,0.0,0.1658540637092112,0.0,3.3701486452819407,0.0,0.0,0.1773762444885232,0.1773762444885232
1982-03-14,0.0,23.7,0.29,0.075,0.0,0.0,0.0,61.394180651401506,0.0,0.0,0.17003449898678671,0.0,3.2016412130178438,0.0,0.0,0.16850743226409703,0.16850743226409703
1982-03-15,1.1,24.2,0.29,0.072,0.0,0.0,1.1,62.1403415510786,0.1842742204285607,0.0,0.169564879894347,0.0,3.216619661774084,0.0,0.0,0.16929577167232024,0.16929577167232024
1982-03-16,0.0,24.7,0.3,0.065,0.0,0.0,0.0,61.962797718075514,0.0,0.0,0.17754383300308169,0.0,3.05578867868538,0.0,0.0,0.16083098308870422,0.16083098308870422
1982-03-17,0.0,25.3,0.3,0.06,0.0,0.0,0.0,61.785761153166725,0.0,0.0,0.17703656490878716,0.0,2.9029992447511113,0.0,0.0,0.15278943393426903,0.15278943393426903
1982-03-18,0.0,25.2,0.3,0.057,0.0,0.0,0.0,61.60923040701482,0.0,0.0,0.17653074615190492,0.0,2.757849282513556,0.0,0.0,0.14514996223755558,0.14514996223755558
1982-03-19,0.0,25.4,0.3,0.056,0.0,0.0,0.0,61.43320403442335,0.0,0.0,0.17602637259147091,0.0,2.619956818387878,0.0,0.0,0.1378924641256778,0.1378924641256778
1982-03-20,1.2,25.8,0.3,0.054,0.0,0.0,1.2,62.256398537901795,0.20128205642320474,0.0,0.17552344009835244,0.0,2.6801769310705286,0.0,0.0,0.14106194374055414,0.14106194374055414
1982-03-21,0.0,25.5,0.3,0.054,0.0,0.0,0.0,62.07852311350779,0.0,0.0,0.17787542439400514,0.0,2.546168084517002,0.0,0.0,0.13400884655352643,0.13400884655352643
1982-03-22,0.0,25.7,0.3,0.052,0.0,0.0,0.0,61.901155904612054,0.0,0.0,0.17736720889573654,0.0,2.4188596802911517,0.0,0.0,0.1273084042258501,0.1273084042258501
1982-03-23,0.0,26.2,0.3,0.052,0.0,0.0,0.0,61.72429545917031,0.0,0.0,0.17686044544174873,0.0,2.297916696276594,0.0,0.0,0.1209429840145576,0.1209429840145576
1982-03-24,0.0,27.3,0.3,0.052,0.0,0.0,0.0,61.547940329286966,0.0,0.0,0.17635512988334373,0.0,2.183020861462764,0.0,0.0,0.1148958348138297,0.1148958348138297
1982-03-25,0.0,27.3,0.3,0.05,0.0,0.0,0.0,61.37208907120329,0.0,0.0,0.17585125808367705,0.0,2.073869818389626,0.0,0.0,0.10915104307313822,0.10915104307313822
1982-03-26,0.2,27.1,0.3,0.048,0.0,0.0,0.2,61.36325994913478,0.03348029615078854,0.0,0.1753488259177237,0.0,2.001982608813394,0.0,0.0,0.10536750572702075,0.10536750572702075
1982-03-27,0.0,25.5,0.3,0.046,0.0,0.0,0.0,61.18793634928011,0.0,0.0,0.1753235998546708,0.0,1.901883478372724,0.0,0.0,0.1000991304406697,0.1000991304406697
1982-03-28,2.6,23.4,0.3,0.044,0.0,0.0,2.6,63.18047788545524,0.43263578854121065,0.0,0.17482267528365744,0.0,2.217793303568238,0.0,0.0,0.11672596334569674,0.11672596334569674
1982-03-29,5.5,22.0,0.3,0.043,0.0,0.0,5.5,67.52419555337218,0.9757666809817661,0.0,0.18051565110130066,0.0,3.033881985322504,0.0,0.0,0.15967799922750023,0.15967799922750023
1982-03-30,7.8,21.5,0.3,0.044,0.0,0.0,7.8,73.55063672551746,1.580632554845083,0.0,0.1929262730096348,0.06450604387606643,4.307187886056378,0.0,0.016126510969016607,0.2266940992661252,0.2428206102351418
1982-03-31,2.8,21.2,0.3,0.042,0.0,0.0,2.8,75.46728541557478,0.6732066335840581,0.0,0.21014467635862133,0.0,4.7926555353406775,0.0,0.0,0.25224502817582517,0.25224502817582517
1982-04-01,1.7,21.7,0.3,0.04,0.0,0.0,1.7,76.52135220074203,0.4303123993596847,0.0,0.2156208154730708,0.0,4.961819537965344,0.0,0.0,0.2611483967350181,0.2611483967350181
1982-04-02,1.1,23.3,0.3,0.039,0.0,0.0,1.1,77.11645002913197,0.28626973675080036,0.0,0.21863243485926295,0.0,4.985684810980337,0.0,0.0,0.2624044637358072,0.2624044637358072
1982-04-03,0.5,23.7,0.3,0.037,0.0,0.0,0.5,77.26396293998312,0.13215437477990238,0.0,0.2203327143689485,0.0,4.861947226472227,0.0,0.0,0.25589195928801195,0.25589195928801195
1982-04-04,2.2,24.5,0.3,0.039,0.0,0.0,2.2,78.65950280761147,0.5837059525431284,0.0,0.2207541798285232,0.0,5.173370520064588,0.0,0.0,0.2722826589507678,0.2722826589507678
1982-04-05,1.8,24.4,0.3,0.041,0.0,0.0,1.8,79.73977598046304,0.494985390555251,0.0,0.22474143659317564,0.0,5.384938115088847,0.0,0.0,0.28341779553099194,0.28341779553099194
1982-04-06,1.2,25.1,0.3,0.044,0.0,0.0,1.2,80.37283168250818,0.3391163665821029,0.0,0.2278279313727515,0.0,5.437851757587403,0.0,0.0,0.2862027240835475,0.2862027240835475
1982-04-07,0.7,25.1,0.3,0.046,0.0,0.0,0.7,80.6422237116308,0.20097130892734905,0.0,0.22963666195002336,0.0,5.356881913189014,0.0,0.0,0.2819411533257376,0.2819411533257376
1982-04-08,3.5,24.5,0.3,0.045,0.0,0.0,3.5,82.9002134089224,1.0116039492465994,0.0,0.2304063534618023,0.0,6.050061569313833,0.0,0.0,0.31842429312178067,0.31842429312178067
1982-04-09,0.9,25.5,0.3,0.043,0.0,0.0,0.9,83.28845784099569,0.27489781532979507,0.0,0.2368577525969211,0.0,6.0087114154114465,0.0,0.0,0.3162479692321814,0.3162479692321814
1982-04-10,1.1,25.6,0.3,0.042,0.0,0.0,1.1,83.81135019946021,0.33914061913264215,0.0,0.2379670224028448,0.0,6.030459432816884,0.0,0.0,0.31739260172720446,0.31739260172720446
1982-04-11,3.2,24.4,0.3,0.041,0.0,0.0,3.2,85.77287160994716,0.9990175889431548,0.0,0.2394610005698863,0.0,6.678003170672037,0.0,0.0,0.351473851088002,0.351473851088002
1982-04-12,1.5,24.8,0.3,0.04,0.0,0.0,1.5,86.53734056220908,0.49046570028109865,0.0,0.24506534745699188,0.0,6.810045427405479,0.0,0.0,0.35842344354765676,0.35842344354765676
1982-04-13,1.1,24.7,0.3,0.04,0.0,0.0,1.1,87.02397624251283,0.36611477523278807,0.0,0.2472495444634545,0.0,6.817352192506354,0.0,0.0,0.3588080101319133,0.3588080101319133
1982-04-14,1.1,24.6,0.3,0.04,0.0,0.0,1.1,87.50509232438411,0.3702439860072525,0.0,0.24863993212146523,0.0,6.828216369587926,0.0,0.0,0.35937980892568033,0.35937980892568033
1982-04-15,1.2,24.1,0.3,0.047,0.0,0.0,1.2,88.04669691180858,0.4083808630772793,0.0,0.2500145494982403,0.0,6.874767371031945,0.0,0.0,0.36182986163326025,0.36182986163326025
1982-04-16,0.7,24.4,0.3,0.046,0.0,0.0,0.7,88.25395471681172,0.24118020382026298,0.0,0.25156199117659594,0.0,6.760150196109597,0.0,0.0,0.3557973787426104,0.3557973787426104
1982-04-17,0.1,24.6,0.3,0.048,0.0,0.0,0.1,88.06718384704172,0.034616713436253575,0.0,0.25215415633374777,0.0,6.4550285640685585,0.0,0.0,0.3397383454772926,0.3397383454772926
1982-04-18,0.1,25.2,0.3,0.048,0.0,0.0,0.1,87.88109297122779,0.03447035053666064,0.0,0.25162052527726203,0.0,6.165023968874959,0.0,0.0,0.324474945730261,0.324474945730261
1982-04-19,0.2,26.0,0.3,0.048,0.0,0.0,0.2,87.7613544763732,0.06864965779393406,0.0,0.25108883706065077,0.0,5.921989945335448,0.0,0.0,0.31168368133344465,0.31168368133344465
1982-04-20,0.0,26.4,0.3,0.047,0.0,0.0,0.0,87.51060774929785,0.0,0.0,0.250746727075352,0.0,5.6258904480686756,0.0,0.0,0.2960994972667724,0.2960994972667724
1982-04-21,0.5,26.9,0.3,0.046,0.0,0.0,0.5,87.59039729769489,0.17018014374781038,0.0,0.2500303078551367,0.0,5.506267062225661,0.0,0.0,0.2898035295908243,0.2898035295908243
1982-04-22,0.6,26.3,0.29,0.043,0.0,0.0,0.6,87.74389222366743,0.20458873863381427,0.0,0.2419163353936335,0.0,5.4253130108165015,0.0,0.0,0.2855427900429738,0.2855427900429738
1982-04-23,0.3,26.0,0.29,0.039,0.0,0.0,0.3,87.69889874160604,0.10265320830078088,0.0,0.24234027376060527,0.0,5.251567908161419,0.0,0.0,0.27639831095586415,0.27639831095586415
1982-04-24,0.7,26.6,0.29,0.035,0.0,0.0,0.7,87.91740416718699,0.2392785683708146,0.0,0.24221600604824522,0.0,5.2163041527056215,0.0,0.0,0.2745423238266117,0.2745423238266117
1982-04-25,7.9,24.7,0.29,0.033,0.0,0.0,7.9,92.860681885589,2.7139027843743295,0.0,0.24281949722365928,0.9711222274994636,6.380488945070341,0.0,0.2427805568748659,0.3358152076352811,0.578595764510147
1982-04-26,2.3,24.0,0.29,0.034,0.0,0.0,2.3,94.02273644375813,0.881473082337337,0.0,0.2564723594935315,0.2820762478694405,7.486464497816824,0.0,0.07051906196736013,0.39402444725351704,0.46454350922087717
1982-04-27,5.7,23.5,0.29,0.034,0.0,0.0,5.7,97.2235182749258,2.2395363253210094,0.0,0.259681843511332,0.8172900585523599,8.537141272925982,0.0,0.20432251463809,0.4493232248908412,0.6536457395289312
1982-04-28,0.7,24.1,0.29,0.034,0.0,0.0,0.7,97.36092112109856,0.2940750557345947,0.0,0.26852209809265215,0.0,9.16608106785229,0.0,0.0,0.48242531936064686,0.48242531936064686
1982-04-29,0.4,25.3,0.29,0.032,0.0,0.0,0.4,97.3235013256699,0.1685182037608671,0.0,0.268901591667796,0.0,8.867869308032498,0.0,0.0,0.4667299635806578,0.4667299635806578
1982-04-30,0.3,26.0,0.29,0.033,0.0,0.0,0.3,97.22841156510944,0.12629151880383557,0.0,0.26879824175661204,0.0,8.544452785494517,0.0,0.0,0.4497080413418167,0.4497080413418167
1982-05-01,0.1,26.6,0.28,0.032,0.0,0.0,0.1,97.02712084975593,0.042014951179885816,0.0,0.2592757641736252,0.0,8.157144349840681,0.0,0.0,0.4293233868337201,0.4293233868337201
1982-05-02,0.4,27.0,0.28,0.032,0.0,0.0,0.4,97.00101719983849,0.167364660984767,0.0,0.2587389889326825,0.0,7.9082835602841755,0.0,0.0,0.4162254505412724,0.4162254505412724
1982-05-03,3.9,26.7,0.28,0.035,0.0,0.0,3.9,99.01142028208633,1.6309275385525825,0.0,0.2586693791995693,0.10474203084206604,8.937869382269966,0.0,0.02618550771051651,0.4704141780142088,0.49659968572472535
1982-05-04,5.7,24.7,0.28,0.056,0.0,0.0,5.7,101.96389695361087,2.4834928743899036,0.0,0.2640304540855636,0.8705879241855758,9.915975913156467,0.0,0.21764698104639396,0.5218934691134983,0.7395404501598923
1982-05-05,3.8,23.7,0.28,0.041,0.0,0.0,3.8,103.736116878558,1.755876349843244,0.0,0.271903725209629,0.9011714192230557,10.845177117498643,0.0,0.22529285480576391,0.5707987956578234,0.7960916504635873
1982-05-06,11.5,22.6,0.28,0.042,0.0,0.0,11.5,109.45932757274933,5.500159660799164,0.0,0.276629645009488,3.921064864017776,11.727918261623712,0.0,0.980266216004444,0.6172588558749322,1.5975250718793763
1982-05-07,8.1,22.3,0.28,0.05,0.0,0.0,8.1,112.96604359138509,4.313283981364239,0.0,0.28,5.387479076305612,12.566522348542525,0.0,1.3468697690764033,0.6613959130811856,2.008265682157589
1982-05-08,4.1,22.2,0.28,0.069,0.0,0.0,4.1,114.46064622608588,2.3253973652991973,0.0,0.28,4.970301153283847,13.3631962311154,0.0,1.242575288320962,0.7033261174271264,1.9459014057480883
1982-05-09,3.0,22.2,0.28,0.065,0.0,0.0,3.0,115.43381428815346,1.7468319379324249,0.0,0.28,4.173706472973018,14.120036419559629,0.0,1.0434266182432546,0.74315981155577,1.7865864297990246
1982-05-10,1.5,22.1,0.27,0.05,0.0,0.0,1.5,115.77548325607934,0.8883310320741267,0.0,0.27,2.849630004037716,14.839034598581648,0.0,0.712407501009429,0.7810018209779814,1.4934093219874103
1982-05-11,1.8,22.3,0.27,0.053,0.0,0.0,1.8,116.23316625422504,1.0723170018542967,0.0,0.27,1.93755760471361,15.522082868652566,0.0,0.4843894011784025,0.8169517299290825,1.301341131107485
1982-05-12,2.2,22.4,0.27,0.063,0.0,0.0,2.2,116.84217391367122,1.3209923405538269,0.0,0.27,1.4068399562139497,16.17097872521994,0.0,0.35170998905348744,0.8511041434326284,1.202814132486116
1982-05-13,1.2,23.6,0.27,0.061,0.0,0.0,1.2,117.04406225474469,0.7281116589265381,0.0,0.27,0.5079612921123904,16.787429788958942,0.0,0.1269903230280976,0.883548936260997,1.0105392592890945
1982-05-14,1.7,24.1,0.27,0.076,0.0,0.0,1.7,117.43900308739103,1.0350591673536593,0.0,0.27,0.034416367572839765,17.373058299510994,0.0,0.008604091893209943,0.9143714894479471,0.9229755813411571
1982-05-15,2.8,23.8,0.27,0.087,0.0,0.0,2.8,118.2526753340911,1.7163277532999406,0.0,0.27,0.20059529669822423,17.929405384535443,0.0,0.050148824174556066,0.9436529149755497,0.9938017391501057
1982-05-16,0.6,24.5,0.27,0.084,0.0,0.0,0.6,118.20977679479323,0.3728985392978655,0.0,0.27,0.0,17.577754259504957,0.0,0.0,0.9251449610265766,0.9251449610265766
1982-05-17,0.5,25.1,0.27,0.076,0.0,0.0,0.5,118.12925343190713,0.3105233628861075,0.0,0.27,0.0,16.99386374127151,0.0,0.0,0.8944138811195533,0.8944138811195533
1982-05-18,0.4,24.8,0.27,0.071,0.0,0.0,0.4,118.0111730671715,0.24808036473563988,0.0,0.27,0.0,16.37984690070679,0.0,0.0,0.8620972053003575,0.8620972053003575
1982-05-19,0.7,25.4,0.26,0.066,0.0,0.0,0.7,118.01789991703447,0.43327315013701917,0.0,0.26,0.0,15.972464048301621,0.0,0.0,0.8406560025421905,0.8406560025421905
1982-05-20,0.2,25.8,0.26,0.069,0.0,0.0,0.2,117.83409347524933,0.12380644178513034,0.0,0.26,0.0,15.291456965582414,0.0,0.0,0.8048135245043376,0.8048135245043376
1982-05-21,0.0,25.7,0.26,0.08,0.0,0.0,0.0,117.57409347524933,0.0,0.0,0.26,0.0,14.526884117303293,0.0,0.0,0.7645728482791208,0.7645728482791208
1982-05-22,0.6,25.6,0.26,0.072,0.0,0.0,0.6,117.54546234307527,0.3686311321740444,0.0,0.26,0.0,14.15073948700347,0.0,0.0,0.7447757624738669,0.7447757624738669
1982-05-23,1.3,24.6,0.26,0.065,0.0,0.0,1.3,117.78715050162275,0.7983118414525122,0.0,0.26,0.0,14.201598762033184,0.0,0.0,0.7474525664227992,0.7474525664227992
1982-05-24,2.3,25.0,0.26,0.058,0.0,0.0,2.3,118.40893852413068,1.4182119774920634,0.0,0.26,0.0,14.838820202548986,0.0,0.0,0.7809905369762624,0.7809905369762624
1982-05-25,1.8,24.6,0.25,0.054,0.0,0.0,1.8,118.83728438633777,1.1216541377929088,0.0,0.25,0.0,15.1624506233248,0.0,0.0,0.7980237170170947,0.7980237170170947
1982-05-26,8.4,24.4,0.25,0.053,0.0,0.0,8.4,121.7149589931519,5.27232539318588,0.0,0.25,3.0178603145487037,15.829328092158562,0.0,0.754465078637176,0.8331225311662401,1.5875876098034163
1982-05-27,1.5,24.2,0.25,0.044,0.0,0.0,1.5,121.97732357697159,0.9876354161803099,0.0,0.25,2.004396584583211,16.462861687550635,0.0,0.5010991461458029,0.8664664046079281,1.367565550753731
1982-05-28,3.0,23.2,0.25,0.058,0.0,0.0,3.0,122.74352791470476,1.9837956622668305,0.0,0.25,1.9905537974800331,17.064718603173105,0.0,0.49763844937000834,0.8981430843775318,1.39578153374754
1982-05-29,4.9,22.8,0.25,0.06,0.0,0.0,4.9,124.11249365424943,3.281034260455322,0.0,0.25,3.0172704463482845,17.63648267301445,0.0,0.7543176115870711,0.9282359301586554,1.6825535417457265
1982-05-30,4.7,23.4,0.25,0.055,0.0,0.0,4.7,125.34478778398021,3.217705870269231,0.0,0.25,3.7879810532940126,18.179658539363725,0.0,0.9469952633235033,0.9568241336507225,1.9038193969742259
1982-05-31,1.5,23.7,0.25,0.056,0.0,0.0,1.5,125.54736672900614,1.047421054974069,0.0,0.25,2.6683216866144654,18.69567561239554,0.0,0.6670804216536164,0.9839829269681863,1.6510633486218027
1982-06-01,0.7,23.7,0.24,0.084,0.0,0.0,0.7,125.51698899990343,0.490377729102724,0.0,0.24,1.3269595325737515,19.185891831775763,0.0,0.33173988314343794,1.0097837806197771,1.341523663763215
1982-06-02,5.3,23.1,0.24,0.096,0.0,0.0,5.3,126.86592557784608,3.711063422057331,0.0,0.24,2.830418363704866,19.651597240186973,0.0,0.7076045909262165,1.0342945915887882,1.7418991825150048
1982-06-03,4.7,23.1,0.24,0.097,0.0,0.0,4.7,127.96386662487716,3.362058952968926,0.0,0.24,3.7539818533390337,20.094017378177625,0.0,0.9384954633347585,1.0575798620093486,1.996075325344107
1982-06-04,1.9,23.3,0.24,0.226,0.0,0.0,1.9,128.2411098601207,1.3827567647564338,0.0,0.24,2.909390894476374,20.514316509268745,0.0,0.7273477236190935,1.0797008689088814,1.807048592527975
1982-06-05,1.8,23.8,0.24,0.226,0.0,0.0,1.8,128.48544727946825,1.3156625806524438,0.0,0.24,2.1800427801030544,20.913600683805306,0.0,0.5450106950257636,1.1007158254634373,1.6457265204892009
1982-06-06,2.6,23.4,0.24,0.176,0.0,0.0,2.6,128.93779721623386,1.9076500632343574,0.0,0.24,2.0701542746699295,21.29292064961504,0.0,0.5175385686674824,1.1206800341902654,1.638218602857748
1982-06-07,1.4,23.4,0.24,0.209,0.0,0.0,1.4,129.06335553750654,1.0344416787273112,0.0,0.24,1.2836767627177927,21.65327461713429,0.0,0.3209191906794482,1.139646032480752,1.4605652231602002
1982-06-08,2.9,23.6,0.23,0.128,0.0,0.0,2.9,129.5864082373491,2.1469473001574393,0.0,0.23,1.5444992503001855,21.995610886277575,0.0,0.38612481257504644,1.1576637308567146,1.543788543431761
1982-06-09,1.2,24.4,0.23,0.146,0.0,0.0,1.2,129.6608009200234,0.8956073173257013,0.0,0.23,0.7520852541007095,22.320830341963696,0.0,0.18802131352517737,1.1747805443138788,1.3628018578390562
1982-06-10,1.7,25.0,0.23,0.125,0.0,0.0,1.7,129.86056671549554,1.27023420452788,0.0,0.23,0.4178555669028718,22.62978882486551,0.0,0.10446389172571796,1.1910415170981847,1.2955054088239026
1982-06-11,1.9,24.6,0.23,0.103,0.0,0.0,1.9,130.10651529787012,1.4240514176254384,0.0,0.23,0.2735255876226482,22.923299383622236,0.0,0.06838139690566206,1.2064894412432756,1.2748708381489378
1982-06-12,5.6,24.5,0.23,0.1,0.0,0.0,5.6,131.26339752860133,4.213117769268778,0.0,0.23,2.389314685513141,23.202134414441126,0.0,0.5973286713782854,1.221164969181112,1.8184936405593972
1982-06-13,5.8,24.5,0.23,0.09,0.0,0.0,5.8,132.39186591622982,4.44153161237153,0.0,0.23,4.264677038307736,23.467027693719068,0.0,1.0661692595769343,1.2351067207220563,2.301275980298991
1982-06-14,5.1,23.8,0.22,0.135,0.0,0.0,5.1,133.29894185311946,3.9729240631103537,0.0,0.22,5.390080881134471,23.718676309033114,0.0,1.347520220283618,1.2483513846859535,2.5958716049695716
1982-06-15,9.8,23.1,0.22,0.106,0.0,0.0,9.8,135.13972596815142,7.739215884968043,0.0,0.22,9.30343741288201,23.95774249358146,0.0,2.3258593532205025,1.2609338154516558,3.586793168672158
1982-06-16,4.9,23.4,0.22,0.306,0.0,0.0,4.9,135.84250582947317,3.9772201386782493,0.0,0.22,9.424526041248209,24.184855368902387,0.0,2.356131510312052,1.2728871246790732,3.6290186349911253
1982-06-17,2.3,23.1,0.22,0.228,0.0,0.0,2.3,136.0361801096034,1.8863257198697794,0.0,0.22,7.84868140889439,24.40061260045727,0.0,1.9621703522235976,1.2842427684451194,3.2464131206687172
1982-06-18,8.4,23.5,0.22,0.221,0.0,0.0,8.4,137.30733231804678,6.908847791556651,0.0,0.22,10.606023360360833,24.605581970434404,0.0,2.6515058400902087,1.2950306300228636,3.946536470113072
1982-06-19,10.8,22.9,0.22,0.185,0.0,0.0,10.8,138.83774663406348,9.049585683983295,0.0,0.22,14.524487235475302,24.800302871912685,0.0,3.631121808868826,1.3052790985217202,4.936400907390546
1982-06-20,5.4,22.7,0.22,0.243,0.0,0.0,5.4,139.39152586036164,4.626220773701858,0.0,0.22,14.120566407341727,24.98528772831705,0.0,3.5301416018354317,1.3150151435956343,4.845156745431066
1982-06-21,5.9,23.1,0.21,0.187,0.0,0.0,5.9,139.98654874294337,5.094977117418276,0.0,0.21,14.172434819808,25.1610233419012,0.0,3.5431087049520005,1.3242643864158525,4.867373091367853
1982-06-22,3.5,22.8,0.21,0.238,0.0,0.0,3.5,140.22824570288284,3.0483030400605156,0.0,0.21,12.576590287894811,25.32797217480614,0.0,3.144147571973703,1.33305116709506,4.477198739068763
1982-06-23,2.9,23.3,0.21,0.256,0.0,0.0,2.9,140.38377963224136,2.5344660706414857,0.0,0.21,10.888845086829038,25.486573566065832,0.0,2.7222112717072595,1.341398608740307,4.063609880447567
1982-06-24,3.9,23.8,0.21,0.231,0.0,0.0,3.9,140.65779466437684,3.415984967864509,0.0,0.21,10.243864043754837,25.63724488776254,0.0,2.5609660109387096,1.3493286783032916,3.910294689242001
1982-06-25,8.5,23.0,0.21,0.231,0.0,0.0,8.5,141.47360669999057,7.474187964386266,0.0,0.21,12.97444160651288,25.780382643374416,0.0,3.2436104016282203,1.356862244388127,4.600472646016348
1982-06-26,7.3,23.3,0.21,0.238,0.0,0.0,7.3,142.06992207035785,6.493684629632729,0.0,0.21,14.374500988916486,25.916363511205695,0.0,3.593625247229122,1.364019132168721,4.957644379397843
1982-06-27,2.1,22.9,0.21,0.272,0.0,0.0,2.1,142.07609487969725,1.8838271906605717,0.0,0.21,11.806662543661645,26.04554533564541,0.0,2.951665635915411,1.3708181755602848,4.322483811475696
1982-06-28,7.0,22.5,0.2,0.326,0.0,0.0,7.0,142.5961252284149,6.279969651282362,0.0,0.2,13.269305755955205,26.16826806886314,0.0,3.3173264389888013,1.3772772667822706,4.694603705771072
1982-06-29,7.9,22.1,0.2,0.317,0.0,0.0,7.9,143.1567530529373,7.139372175477624,0.0,0.2,15.126942345146265,26.28485466541998,0.0,3.7817355862865663,1.383413403443157,5.165148989729723
1982-06-30,2.4,22.7,0.2,0.588,0.0,0.0,2.4,143.1707417521736,2.186011300763698,0.0,0.2,12.650362916727971,26.39561193214898,0.0,3.162590729181993,1.3892427332709991,4.551833462452992
1982-07-01,4.2,22.0,0.2,0.6,0.0,0.0,4.2,143.34447431065163,3.8262674415219498,0.0,0.2,11.981304286599936,26.50083133554153,0.0,2.995326071649984,1.3947805966074491,4.390106668257433
1982-07-02,7.0,21.9,0.2,0.626,0.0,0.0,7.0,143.75187572363922,6.3925985870124205,0.0,0.2,13.499122298889887,26.600789768764454,0.0,3.3747805747224717,1.4000415667770767,4.774822141499548
1982-07-03,7.2,21.9,0.2,0.426,0.0,0.0,7.2,144.13920315593853,6.612672567700677,0.0,0.2,14.889435893272452,26.69575028032623,0.0,3.722358973318113,1.4050394884382227,5.127398461756336
1982-07-04,6.1,22.1,0.2,0.511,0.0,0.0,6.1,144.40656892006226,5.632634235876285,0.0,0.2,15.21765610331899,26.78596276630992,0.0,3.8044140258297476,1.4097875140163116,5.2142015398460595
1982-07-05,7.3,21.7,0.19,0.503,0.0,0.0,7.3,144.75084549006084,6.765723430001432,0.0,0.19,16.145013859996126,26.871664627994424,0.2416897666602118,4.0966759066640845,1.414298138315496,5.752663811639792
1982-07-06,1.0,21.5,0.19,0.515,0.0,0.0,1.0,144.6296096113903,0.9312358786705541,0.0,0.19,12.460999790933347,26.9530813965947,0.0,3.1152499477333366,1.4185832313997213,4.533833179133058
1982-07-07,2.6,21.8,0.19,0.547,0.0,0.0,2.6,144.62245039634618,2.4171592150440984,0.0,0.19,10.702527204781955,27.030427326764965,0.0,2.675631801195489,1.4226540698297352,4.098285871025224
1982-07-08,4.1,22.0,0.19,0.684,0.0,0.0,4.1,144.7211535985489,3.8112967977972794,0.0,0.19,10.411059202063388,27.103905960426715,0.0,2.602764800515847,1.4265213663382483,4.029286166854096
1982-07-09,4.9,22.3,0.19,0.755,0.0,0.0,4.9,144.8699695867896,4.561184011759309,0.0,0.19,10.777794571058157,27.17371066240538,0.0,2.6944486427645398,1.430195298021336,4.124643940785876
1982-07-10,4.9,22.1,0.19,0.617,0.0,0.0,4.9,145.00940026983054,4.570569316959067,0.0,0.19,11.07869111041378,27.24002512928511,0.0,2.769672777603445,1.4336855331202691,4.203358310723714
1982-07-11,4.0,22.8,0.19,0.492,0.0,0.0,4.0,145.08113784020992,3.7382624296206095,0.0,0.19,10.653562832027513,27.303023872820855,0.0,2.663390708006878,1.4370012564642556,4.100391964471134
1982-07-12,6.4,22.8,0.18,0.571,0.0,0.0,6.4,145.31399855288262,5.9871392873272855,0.0,0.18,12.112561695483839,27.362872679179812,0.0,3.02814042387096,1.440151193641043,4.468291617512003
1982-07-13,4.9,22.5,0.18,0.605,0.0,0.0,4.9,145.43536855023405,4.5986300026485845,0.0,0.18,12.16895335850594,27.419729045220823,0.0,3.042238339626485,1.4431436339589907,4.485381973585476
1982-07-14,6.0,21.5,0.18,0.675,0.0,0.0,6.0,145.6149828368094,5.640385713424642,0.0,0.18,13.047471257544464,27.47374259295978,0.0,3.2618678143861164,1.4459864522610413,4.707854266647158
1982-07-15,3.2,21.4,0.18,1.095,0.0,0.0,3.2,145.61934220014246,3.0156406366669213,0.0,0.18,11.650489515369108,27.52505546331179,0.0,2.9126223788422774,1.448687129647989,4.361309508490266
1982-07-16,2.5,21.4,0.18,0.855,0.0,0.0,2.5,145.58323188649777,2.3561103136446877,0.0,0.18,10.005279863211037,27.573802690146202,0.0,2.501319965802759,1.4512527731655895,3.9525727389683487
1982-07-17,7.4,21.5,0.18,0.648,0.0,0.0,7.4,145.83260376168747,6.970628124810293,0.0,0.18,12.380726390417063,27.62011255563889,0.0,3.0951815976042663,1.45369013450731,4.548871732111577
1982-07-18,5.2,21.3,0.18,0.596,0.0,0.0,5.2,145.9375294833075,4.915074278379972,0.0,0.18,12.636640535037628,27.664106927856945,0.0,3.159160133759407,1.4560056277819446,4.615165761541352
1982-07-19,3.2,21.3,0.18,0.592,0.0,0.0,3.2,145.9285143705336,3.029015112773866,0.0,0.18,11.332524518249196,27.705901581464097,0.0,2.833131129562299,1.4582053463928473,4.291336475955147
1982-07-20,3.7,22.0,0.18,0.605,0.0,0.0,3.7,145.9466483334826,3.50186603705097,0.0,0.18,10.667512444240133,27.745606502390892,0.0,2.6668781110600333,1.460295079073205,4.127173190133238
1982-07-21,14.5,22.5,0.18,0.712,0.0,0.0,14.5,146.53970831940393,13.72694001407867,0.0,0.18,16.86833573749564,27.78332617727135,1.4472262291594014,4.578890491663761,1.4622803251195446,7.4883970459427065
1982-07-22,12.3,22.3,0.18,0.731,0.0,0.0,12.3,146.92065057690027,11.73905774250367,0.0,0.18,18.132218043999792,27.81915986840778,3.553696739999655,5.421478695999863,1.4641663088635675,10.439341744863086
1982-07-23,7.8,21.1,0.18,0.736,0.0,0.0,7.8,147.05761568737455,7.483034889525737,0.0,0.18,17.23457588005766,27.85320187498739,2.0576264667627644,4.823050586705106,1.465957993420389,8.34663504688826
1982-07-24,7.2,22.0,0.18,0.764,0.0,0.0,7.2,147.15731414124477,6.920301546129776,0.0,0.18,16.79646322785623,27.88554178123802,1.3274387130937164,4.530975485237486,1.4676600937493696,7.326074292080572
1982-07-25,8.2,21.8,0.18,1.013,0.0,0.0,8.2,147.28516943621483,7.892144705029909,0.0,0.18,16.956582379865843,27.91626469217612,1.5943039664430696,4.637721586577228,1.4692770890619011,7.701302642082198
1982-07-26,6.2,21.8,0.18,1.12,0.0,0.0,6.2,147.32756450100158,5.977604935213243,0.0,0.18,16.430256194523725,27.945451457567316,0.717093657539543,4.286837463015817,1.470813234608806,6.474744355164166
1982-07-27,5.5,21.2,0.18,1.364,0.0,0.0,5.5,147.34179730367347,5.305767197328101,0.0,0.18,16.07080701755555,27.97317888468895,0.11801169592591343,4.047204678370366,1.4722725728783659,5.637488947174646
1982-07-28,17.8,21.1,0.18,1.591,0.0,0.0,17.8,147.78708738626693,17.174709917406535,0.0,0.18,19.523655080488624,27.9995199404545,5.872758467481042,6.349103386992417,1.4736589442344474,13.695520798707907
1982-07-29,8.2,21.2,0.18,1.181,0.0,0.0,8.2,147.84724782073127,7.959839565535644,0.0,0.18,17.79504839380728,28.024543943431777,2.9917473230121345,5.196698929204854,1.4749759970227252,9.663422249239712
1982-07-30,9.9,20.3,0.18,1.503,0.0,0.0,9.9,147.94937199793878,9.61787582279248,0.0,0.18,17.77387726497993,28.048316746260188,2.956462108299881,5.182584843319953,1.476227197171589,9.615274148791423
1982-07-31,9.1,20.3,0.18,1.806,0.0,0.0,9.1,148.01648080955127,8.852891188387499,0.0,0.18,17.53803053601023,28.070900908947177,2.5633842266837146,5.025353690673486,1.4774158373130095,9.06615375467021
1982-08-01,10.2,20.5,0.18,1.613,0.0,0.0,10.2,148.10445584818717,9.932024961364064,0.0,0.18,17.79101664921229,28.09235586349982,2.9850277486871466,5.194011099474859,1.478545045447359,9.657583893609363
1982-08-02,10.9,20.3,0.18,1.317,0.0,0.0,10.9,148.19820094690917,10.626254901278003,0.0,0.18,18.075181465147086,28.112738070324827,3.4586357752451455,5.383454310098059,1.479617793174991,10.321707878518197
1982-08-03,8.7,20.5,0.18,1.232,0.0,0.0,8.7,148.2259543315343,8.492246615374848,0.0,0.18,17.52022842415658,28.132101166808585,2.5337140402609677,5.013485616104387,1.4806369035162414,9.027836559881596
1982-08-04,6.2,20.4,0.18,1.35,0.0,0.0,6.2,148.1917415345359,6.054212796998372,0.0,0.18,16.622332366346484,28.150496108468154,1.0372206105774762,4.4148882442309905,1.4816050583404294,6.933713913148896
1982-08-05,4.9,20.6,0.18,1.72,0.0,0.0,4.9,148.12916899812302,4.782572536412872,0.0,0.18,15.923923922207484,28.167971303044745,0.0,3.9809809805518714,1.4825248054234077,5.463505785975279
1982-08-06,8.2,20.8,0.18,1.419,0.0,0.0,8.2,148.15243762895807,7.996731369164926,0.0,0.18,16.72619658741172,28.18457273789251,1.2103276456862044,4.484131058274482,1.4833985651522372,7.177857269112923
1982-08-07,4.1,20.9,0.18,1.419,0.0,0.0,4.1,148.07281569210696,3.9996219368510877,0.0,0.18,15.380654819410248,28.200344100997885,0.0,3.845163704852562,1.4842286368946256,5.329392341747187
1982-08-08,11.2,20.3,0.18,1.468,0.0,0.0,11.2,148.1787597824948,10.91405590961214,0.0,0.18,17.438413218706714,28.21532689594799,2.397355364511194,4.958942145804478,1.4850172050498944,8.841314715365566
1982-08-09,23.4,21.1,0.18,1.547,0.0,0.0,23.4,148.56353713778938,22.835222644705432,0.0,0.18,21.632090759023644,28.22956055115059,9.386817931706073,7.754727172682429,1.4857663447973994,18.627311449185903
1982-08-10,7.2,21.6,0.17,1.822,0.0,0.0,7.2,148.53077727638416,7.062759861405224,0.0,0.17,18.15845518612866,28.24308252359306,3.597425310214433,5.438970124085774,1.4864780275575296,10.522873461857737
1982-08-11,8.6,21.4,0.17,1.712,0.0,0.0,8.6,148.52842307791258,8.43235419847159,0.0,0.17,17.527242815380074,28.255928397413406,2.5454046923001243,5.0181618769200504,1.487154126179653,9.050720695399828
1982-08-12,10.3,20.2,0.17,2.453,0.0,0.0,10.3,148.55952830641405,10.098894771498552,0.0,0.17,17.83784127606359,28.268131977542737,3.0630687934393137,5.225227517375726,1.4877964198706704,9.77609273068571
1982-08-13,14.1,20.5,0.17,1.847,0.0,0.0,14.1,148.6590366773562,13.830491629057855,0.0,0.17,19.050499871536434,28.2797253786656,5.084166452560723,6.033666581024289,1.4884065988771369,12.606239632462149
1982-08-14,1.4,20.1,0.17,1.651,0.0,0.0,1.4,148.51395610579286,1.3750805715633487,0.0,0.17,15.140464354479827,28.290739109732318,0.0,3.7851160886199566,1.48898626893328,5.274102357553237
1982-08-15,6.7,20.7,0.17,2.588,0.0,0.0,6.7,148.4760517697975,6.567904335995358,0.0,0.17,16.062510607142556,28.3012021542457,0.10418434523759146,4.041673738095037,1.489536955486616,5.635395038819245
1982-08-16,12.4,20.5,0.17,2.276,0.0,0.0,12.4,148.55673130004507,12.149320469752446,0.0,0.17,18.0135493230685,28.311142046533416,3.3559155384475012,5.342366215379001,1.490060107712285,10.188341861538788
1982-08-17,7.8,20.6,0.17,1.912,0.0,0.0,7.8,148.53610912966644,7.650622170378647,0.0,0.17,17.249251448034144,28.320584944206743,2.082085746723573,4.83283429868943,1.4905571023266708,8.405477147739674
1982-08-18,10.2,21.0,0.18,2.133,0.0,0.0,10.2,148.55422680536074,10.00188232430568,0.0,0.18,17.725340131701948,28.329555696996405,2.8755668861699117,5.150226754467965,1.4910292472103372,9.516822887848214
1982-08-19,2.5,20.2,0.18,2.063,0.0,0.0,2.5,148.42218699405646,2.4520398113042847,0.0,0.18,14.941903954404987,28.338077912146584,0.0,3.7354759886012467,1.4914777848498204,5.226953773451067
1982-08-20,6.2,21.3,0.18,2.038,0.0,0.0,6.2,148.37193354201148,6.070253452044964,0.0,0.18,15.60972592515996,28.346174016539255,0.0,3.9024314812899905,1.4919038956073294,5.39433537689732
1982-08-21,3.7,20.9,0.18,2.549,0.0,0.0,3.7,148.27181561076338,3.6201179312480782,0.0,0.18,14.18387508512643,28.35386531571229,0.0,3.5459687712816077,1.4923087008269629,5.038277472108571
1982-08-22,5.6,21.7,0.18,2.667,0.0,0.0,5.6,148.22011004164034,5.47170556912304,0.0,0.18,14.524464523399576,28.361172049926676,0.0,3.631116130849894,1.4926932657856147,5.123809396635509
1982-08-23,4.2,21.8,0.18,2.331,0.0,0.0,4.2,148.13919251776588,4.100917523874449,0.0,0.18,13.700305637819218,28.368113447430343,0.0,3.425076409454805,1.493058602496334,4.918135011951139
1982-08-24,11.3,22.0,0.18,2.809,0.0,0.0,11.3,148.2378151815029,11.021377336262997,0.0,0.18,16.966504892224663,28.374707775058827,1.6108414870411067,4.644336594816443,1.4934056723715172,7.748583754229067
1982-08-25,15.2,21.7,0.18,2.529,0.0,0.0,15.2,148.4128535052034,14.844961676299475,0.0,0.18,19.09343997055724,28.380972386305885,5.15573328426207,6.062293313704828,1.4937353887529414,12.71176198671984
1982-08-26,8.8,21.0,0.18,2.249,0.0,0.0,8.8,148.41809347174112,8.61476003346228,0.0,0.18,17.862460001205857,28.38692376699059,3.104100002009762,5.241640000803905,1.4940486193152944,9.83978862212896
1982-08-27,12.7,21.5,0.18,2.159,0.0,0.0,12.7,148.50455049546161,12.43354297627948,0.0,0.18,18.6388008932456,28.392577578641063,4.398001488742668,5.7592005954970675,1.4943461883495297,11.651548272589265
1982-08-28,8.1,21.9,0.18,2.443,0.0,0.0,8.1,148.4852539490323,7.939296546429278,0.0,0.18,17.523429231902462,28.39794869970901,2.5390487198374405,5.015619487934977,1.4946288789320532,9.04929708670447
1982-08-29,1.8,21.8,0.18,2.462,0.0,0.0,1.8,148.34142429780763,1.7638296512246894,0.0,0.18,14.22980710650172,28.40305126472356,0.0,3.5574517766254306,1.4948974349854505,5.052349211610881
1982-08-30,3.7,22.3,0.18,2.294,0.0,0.0,3.7,148.24279499994103,3.618629297866583,0.0,0.18,13.078749123494642,28.40789870148738,0.0,3.269687280873661,1.495152563236178,4.764839844109839
1982-08-31,9.3,21.6,0.19,2.055,0.0,0.0,9.3,148.26941214192462,9.08338285801641,0.0,0.19,16.198639594453315,28.41250376641301,0.33106599075552623,4.13242639630221,1.4953949350743692,5.958887322132106
1982-09-01,8.9,21.0,0.19,1.847,0.0,0.0,8.9,148.2835905715017,8.69582157042293,0.0,0.19,17.018338349462873,28.41687857809236,1.6972305824381237,4.67889223297525,1.4956251883206506,7.871748003734025
1982-09-02,8.8,21.4,0.19,1.937,0.0,0.0,8.8,148.29383037379347,8.599760197708239,0.0,0.19,17.23542956415133,28.42103464918774,2.059049273585556,4.823619709434222,1.495843928904618,8.378512911924396
1982-09-03,6.5,21.1,0.19,1.628,0.0,0.0,6.5,148.2508574482355,6.352972925557968,0.0,0.19,16.62652074691279,28.424982916728354,1.0442012448546496,4.41768049794186,1.496051732459387,6.957933475255897
1982-09-04,2.6,21.9,0.19,1.503,0.0,0.0,2.6,148.12114084784633,2.53971660038917,0.0,0.19,14.132989877841567,28.428733770891935,0.0,3.5332474694603917,1.4962491458364178,5.029496615296809
1982-09-05,3.8,21.3,0.19,1.743,0.0,0.0,3.8,148.02574018157716,3.705400666269183,0.0,0.19,13.070712435288602,28.432297082347336,0.0,3.2676781088221505,1.4964366885445968,4.764114797366747
1982-09-06,8.0,21.1,0.19,1.743,0.0,0.0,8.0,148.0449420460025,7.79079813557468,0.0,0.19,15.489208456690625,28.435682228229968,0.0,3.8723021141726566,1.496614854117367,5.368916968290024
1982-09-07,4.3,21.8,0.19,1.689,0.0,0.0,4.3,147.96630156061414,4.188640485388365,0.0,0.19,14.542279153663191,28.43889811681847,0.0,3.635569788415798,1.4967841114114986,5.132353899827296
1982-09-08,4.5,22.1,0.19,1.584,0.0,0.0,4.5,147.89749628110883,4.378805279505321,0.0,0.19,13.93686754653481,28.441953210977548,0.0,3.484216886633703,1.4969449058409237,4.9811617924746265
1982-09-09,0.4,21.0,0.19,1.606,0.0,0.0,0.4,147.71863104722047,0.38886523388836625,0.0,0.19,10.26058622433854,28.44485555042867,0.0,2.565146556084635,1.4970976605488775,4.062244216633513
1982-09-10,5.9,21.1,0.19,1.887,0.0,0.0,5.9,147.70673396477858,5.7218970824418935,0.0,0.19,11.585986645424347,28.447612772907238,0.0,2.896496661356087,1.4972427775214336,4.393739438877521
1982-09-11,5.2,21.7,0.19,2.012,0.0,0.0,5.2,147.67451831391557,5.042215650863011,0.0,0.19,12.102561837029887,28.450232134261874,0.0,3.025640459257472,1.497380638645362,4.523021097902834
1982-09-12,13.3,22.0,0.19,1.613,0.0,0.0,13.3,147.8937070837829,12.890811230132663,0.0,0.19,17.048011920148767,28.45272052754878,1.7466865335812756,4.698674613432511,1.4975116067130938,7.9428727537268795
1982-09-13,5.4,21.6,0.19,1.518,0.0,0.0,5.4,147.8542954209868,5.249411662796108,0.0,0.19,16.239227074883463,28.455084501171342,0.3987117914724365,4.159484716588975,1.497636026377439,6.05583253443885
1982-09-14,8.4,21.3,0.2,1.364,0.0,0.0,8.4,147.8928954891972,8.161399931789605,0.0,0.2,16.87018810200192,28.457330276112774,1.4503135033365346,4.580125401334614,1.4977542250585671,7.528193129729716
1982-09-15,1.6,20.6,0.2,1.405,0.0,0.0,1.6,147.7375313266245,1.555364162572701,0.0,0.2,13.540441811659695,28.459463762307134,0.0,3.3851104529149243,1.4978665138056388,4.882976966720563
1982-09-16,4.0,21.1,0.2,1.518,0.0,0.0,4.0,147.65728631996043,3.880245006664063,0.0,0.2,12.736549454659007,28.461490574191778,0.0,3.184137363664752,1.4979731881153568,4.6821105517801085
1982-09-17,6.8,21.4,0.2,1.569,0.0,0.0,6.8,147.66803367182942,6.589252648131042,0.0,0.2,14.26064168223204,28.46341604548219,0.0,3.5651604205580103,1.498074528709589,5.063234949267599
1982-09-18,5.4,21.5,0.2,1.511,0.0,0.0,5.4,147.63463011138833,5.233403560441092,0.0,0.2,14.395236194138505,28.46524524320808,0.0,3.5988090485346262,1.4981708022741096,5.096979850808736
1982-09-19,2.0,21.2,0.2,1.433,0.0,0.0,2.0,147.497209310666,1.9374208007223512,0.0,0.2,11.866125595888684,28.46698298104768,0.0,2.966531398972171,1.498262262160404,4.464793661132575
1982-09-20,2.6,21.5,0.2,1.419,0.0,0.0,2.6,147.38324888570912,2.5139604249568657,0.0,0.2,10.30406881667644,28.468633831995295,0.0,2.5760172041691103,1.498349149052384,4.074366353221494
1982-09-21,1.8,22.1,0.2,1.364,0.0,0.0,1.8,147.2455031215406,1.7377457641685503,0.0,0.2,8.433451664675992,28.47020214039553,0.0,2.108362916168998,1.4984316915997649,3.606794607768763
1982-09-22,3.9,21.2,0.2,1.232,0.0,0.0,3.9,147.1874218353579,3.7580812861827075,0.0,0.2,8.55322636068696,28.471692033375753,0.0,2.1383065901717404,1.4985101070197766,3.636816697191517
1982-09-23,11.8,20.9,0.2,1.232,0.0,0.0,11.8,147.4257854651727,11.361636370185208,0.0,0.2,14.731890184697733,28.473107431706964,0.0,3.682972546174433,1.4985846016687878,5.181557147843221
1982-09-24,7.5,20.9,0.2,1.107,0.0,0.0,7.5,147.48099805849836,7.2447874066743765,0.0,0.2,16.143003277411633,28.474452060121617,0.23833879568605454,4.095335518274422,1.4986553715853483,5.832329685545825
1982-09-25,1.5,20.7,0.21,1.107,0.0,0.0,1.5,147.32095507260962,1.4500429858887198,0.0,0.21,12.874437010640282,28.475729457115538,0.0,3.2186092526600705,1.498722603006081,4.717331855666151
1982-09-26,4.6,20.8,0.21,1.225,0.0,0.0,4.6,147.27380247278174,4.437152599827865,0.0,0.21,12.649271688374517,28.47694298425976,0.0,3.1623179220936297,1.498786472855777,4.661104394949406
1982-09-27,0.7,21.3,0.21,1.264,0.0,0.0,0.7,147.0890157604993,0.6747867122824157,0.0,0.21,9.459246720525545,28.478095835046773,0.0,2.3648116801313868,1.4988471492129882,3.863658829344375
1982-09-28,1.0,21.6,0.21,1.162,0.0,0.0,1.0,146.91745226905962,0.9615634914396628,0.0,0.21,7.136648169572166,28.479191043294435,0.0,1.7841620423930415,1.4989047917523388,3.28306683414538
1982-09-29,0.1,21.8,0.21,1.019,0.0,0.0,0.1,146.71152010114304,0.09593216791658406,0.0,0.21,4.586064269991001,28.480231491129715,0.0,1.1465160674977501,1.4989595521647219,2.645475619662472
1982-09-30,2.2,21.5,0.21,1.025,0.0,0.0,2.2,146.59692479950508,2.1045953016379477,0.0,0.21,4.152527657303159,28.481219916573227,0.0,1.0381319143257899,1.4990115745564858,2.5371434888822755
1982-10-01,6.2,20.9,0.21,0.903,0.0,0.0,6.2,146.66505449567552,5.9218703038295475,0.0,0.21,6.859518368906166,28.482158920744567,0.0,1.7148795922265414,1.4990609958286614,3.2139405880552028
1982-10-02,10.1,20.9,0.21,0.892,0.0,0.0,10.1,146.89916801019922,9.655886485476296,0.0,0.21,12.012323883505967,28.48305097470734,0.0,3.0030809708764923,1.4991079460372285,4.50218891691372
1982-10-03,5.2,20.8,0.21,0.903,0.0,0.0,5.2,146.90193685807202,4.987231152127175,0.0,0.21,12.399644028506515,28.483898425971972,0.0,3.0999110071266287,1.499152548735367,4.599063555861996
1982-10-04,11.1,20.2,0.21,0.991,0.0,0.0,11.1,147.14571519209653,10.64622166597547,0.0,0.21,16.463759708344593,28.484703504673373,0.7729328472409911,4.309173138896397,1.4991949212985987,6.5813009074359865
1982-10-05,4.5,20.7,0.21,1.187,0.0,0.0,4.5,147.1053428922178,4.330372299878717,0.0,0.21,15.435305606578648,28.485468329439705,0.0,3.8588264016446625,1.4992351752336688,5.358061576878331
1982-10-06,9.2,20.7,0.22,1.245,0.0,0.0,9.2,147.23699473451023,8.848348157707562,0.0,0.22,16.835096129285862,28.48619491296772,1.3918268821431052,4.556730752857242,1.4992734164719854,7.447831051472333
1982-10-07,2.1,21.2,0.22,1.297,0.0,0.0,2.1,147.0936463567882,2.0233483777220185,0.0,0.22,13.886755605606306,28.486885167319333,0.0,3.4716889014015764,1.499309745648386,4.970998647049962
1982-10-08,4.9,21.0,0.22,1.277,0.0,0.0,4.9,147.06168858288484,4.711957773903369,0.0,0.22,13.67897070360774,28.487540908953367,0.0,3.419742675901935,1.4993442583659666,4.919086934267902
1982-10-09,1.9,20.7,0.22,1.357,0.0,0.0,1.9,146.91539673964868,1.8262918432361717,0.0,0.22,11.20421003747513,28.488163863505697,0.0,2.8010525093687826,1.4993770454476685,4.300429554816451
1982-10-10,1.6,20.4,0.22,1.377,0.0,0.0,1.6,146.76052500281892,1.5348717368297513,0.0,0.22,8.991265419443906,28.488755670330413,0.0,2.2478163548609764,1.499408193175285,3.7472245480362614
1982-10-11,4.1,21.2,0.22,1.175,0.0,0.0,4.1,146.7157040265379,3.9248209762809982,0.0,0.22,9.132869116579922,28.489317886813893,0.0,2.283217279144981,1.4994377835165207,3.782655062661502
1982-10-12,9.1,20.4,0.22,1.089,0.0,0.0,9.1,146.88983602419015,8.705868002347747,0.0,0.22,13.070989695142135,28.4898519924732,0.0,3.2677474237855337,1.4994658943406947,4.767213318126228
1982-10-13,9.4,20.3,0.22,1.037,0.0,0.0,9.4,147.05560202793208,9.014233996258072,0.0,0.22,16.17556710742006,28.490359392849538,0.29261184570010457,4.117044738280042,1.49949259962366,5.909149183603807
1982-10-14,4.0,20.3,0.22,0.996,0.0,0.0,4.0,146.99109534565696,3.8445066822751186,0.0,0.22,14.816059031756144,28.490841423207062,0.0,3.704014757939036,1.499517969642477,5.203532727581512
1982-10-15,3.0,20.6,0.22,1.144,0.0,0.0,3.0,146.89024439753481,2.880850948122135,0.0,0.22,12.957527983902622,28.49129935204671,0.0,3.2393819959756556,1.499542071160353,4.738924067136009
1982-10-16,0.9,21.3,0.23,1.297,0.0,0.0,0.9,146.69717464156813,0.8630697559667004,0.0,0.23,9.856478191895459,28.491734384444374,0.0,2.4641195479738647,1.4995649676023355,3.9636845155762
1982-10-17,2.0,21.0,0.23,1.591,0.0,0.0,2.0,146.55428032620648,1.9128943153616653,0.0,0.23,8.2154980058057,28.492147665222156,0.0,2.053874501451425,1.4995867192222188,3.5534612206736433
1982-10-18,0.9,21.5,0.23,1.591,0.0,0.0,0.9,146.3651540429292,0.8591262832772926,0.0,0.23,6.059699431266393,28.49254028196105,0.0,1.5149248578165986,1.4996073832611079,3.0145322410777062
1982-10-19,0.0,21.5,0.23,1.258,0.0,0.0,0.0,146.1351540429292,0.0,0.0,0.23,3.647759545013115,28.492913267862995,0.0,0.9119398862532787,1.4996270140980525,2.4115669003513314
1982-10-20,0.3,21.2,0.23,1.031,0.0,0.0,0.3,145.92041426630055,0.2847397766286753,0.0,0.23,1.945999457313432,28.493267604469846,0.0,0.486499864328358,1.4996456633931499,1.9861455277215079
1982-10-21,0.1,21.5,0.23,0.946,0.0,0.0,0.1,145.69577974496877,0.0946345213317723,0.0,0.23,0.43250718291616363,28.493604224246354,0.0,0.10812679572904092,1.4996633802234924,1.6077901759525333
1982-10-22,0.1,21.8,0.23,0.845,0.0,0.0,0.1,145.47143636614436,0.09434337882441979,0.0,0.23,0.0,27.56943204668759,0.0,0.0,1.451022739299347,1.451022739299347
1982-10-23,0.2,21.1,0.23,0.799,0.0,0.0,0.2,145.25333024349166,0.18810612265270388,0.0,0.23,0.0,26.369661260873283,0.0,0.0,1.3878769084670148,1.3878769084670148
1982-10-24,0.5,21.7,0.23,0.74,0.0,0.0,0.5,145.05447402245113,0.4688562210405522,0.0,0.23,0.0,25.496591607818143,0.0,0.0,1.3419258740956919,1.3419258740956919
1982-10-25,0.1,22.2,0.23,0.689,0.0,0.0,0.1,144.8309593538559,0.09351466859524422,0.0,0.23,0.0,24.310600962592716,0.0,0.0,1.2795053138206693,1.2795053138206693
1982-10-26,0.5,22.1,0.23,0.657,0.0,0.0,0.5,144.63482586969238,0.46613348416351685,0.0,0.23,0.0,23.53789772441842,0.0,0.0,1.2388367223378118,1.2388367223378118
1982-10-27,0.4,20.8,0.23,0.617,0.0,0.0,0.4,144.43292839672606,0.37189747296633313,0.0,0.23,0.0,22.714305437515517,0.0,0.0,1.1954897598692378,1.1954897598692378
1982-10-28,0.8,21.8,0.23,0.592,0.0,0.0,0.8,144.26120854587262,0.7417198508534684,0.0,0.23,0.0,22.283224023950535,0.0,0.0,1.1728012644184493,1.1728012644184493
1982-10-29,0.3,21.9,0.23,0.563,0.0,0.0,0.3,144.05372459532444,0.27748395054821,0.0,0.23,0.0,21.432672575773807,0.0,0.0,1.1280353987249372,1.1280353987249372
1982-10-30,0.1,21.6,0.23,0.547,0.0,0.0,0.1,143.83149581501428,0.09222878031015813,0.0,0.23,0.0,20.448656288279768,0.0,0.0,1.0762450678041984,1.0762450678041984
1982-10-31,0.0,21.8,0.23,0.527,0.0,0.0,0.0,143.6014958150143,0.0,0.0,0.23,0.0,19.42622347386578,0.0,0.0,1.0224328144139885,1.0224328144139885
1982-11-01,0.0,21.7,0.24,0.507,0.0,0.0,0.0,143.36149581501428,0.0,0.0,0.24,0.0,18.45491230017249,0.0,0.0,0.971311173693289,0.971311173693289
1982-11-02,0.0,21.4,0.24,0.507,0.0,0.0,0.0,143.12149581501427,0.0,0.0,0.24,0.0,17.532166685163865,0.0,0.0,0.9227456150086246,0.9227456150086246
1982-11-03,0.0,21.9,0.24,0.462,0.0,0.0,0.0,142.88149581501426,0.0,0.0,0.24,0.0,16.65555835090567,0.0,0.0,0.8766083342581933,0.8766083342581933
1982-11-04,0.1,21.9,0.24,0.441,0.0,0.0,0.1,142.65076194014165,0.09073387487260416,0.0,0.24,0.0,15.908977614489363,0.0,0.0,0.8373146112889138,0.8373146112889138
1982-11-05,1.7,22.7,0.24,0.423,0.0,0.0,1.7,142.57326381571607,1.5374981244255577,0.0,0.24,0.029998499540446134,16.538528733764895,0.0,0.007499624885111533,0.8704488807244681,0.8779485056095797
1982-11-06,3.2,21.6,0.24,0.406,0.0,0.0,3.2,142.64229342566225,2.8909703900537993,0.0,0.24,1.1367751116753966,17.13660229707665,0.0,0.28419377791884914,0.9019264366882448,1.186120214607094
1982-11-07,4.0,21.5,0.24,0.396,0.0,0.0,4.0,142.7850802925542,3.61721313310804,0.0,0.24,2.6031905958267494,17.70477218222282,0.0,0.6507976489566873,0.9318301148538325,1.5826277638105197
1982-11-08,0.7,22.0,0.24,0.383,0.0,0.0,0.7,142.61080005220282,0.6342802403513691,0.0,0.24,1.3899766689424946,18.244533573111678,0.0,0.3474941672356237,0.960238609111141,1.3077327763467648
1982-11-09,1.2,22.1,0.24,0.376,0.0,0.0,1.2,142.48611523665457,1.0846848155482331,0.0,0.24,0.7797291875925823,18.757306894456093,0.0,0.19493229689814556,0.9872266786555839,1.1821589755537294
1982-11-10,0.5,20.7,0.24,0.392,0.0,0.0,0.5,142.29495316920494,0.4511620674496268,0.0,0.24,0.0,18.988788242023386,0.0,0.0,0.9994099074749152,0.9994099074749152
1982-11-11,1.0,20.8,0.24,0.402,0.0,0.0,1.0,142.15504856043043,0.899904608774499,0.0,0.24,0.0,18.89425820825799,0.0,0.0,0.9944346425398942,0.9944346425398942
1982-11-12,0.9,21.2,0.24,0.396,0.0,0.0,0.9,142.0067262471817,0.8083223132487333,0.0,0.24,0.0,18.71745149543139,0.0,0.0,0.9851290260753363,0.9851290260753363
1982-11-13,0.2,21.9,0.24,0.376,0.0,0.0,0.2,141.78747371118664,0.17925253599504004,0.0,0.24,0.0,17.95186882985511,0.0,0.0,0.9448352015713216,0.9448352015713216
1982-11-14,0.1,21.9,0.24,0.37,0.0,0.0,0.1,141.5581239880693,0.0893497231173353,0.0,0.24,0.0,17.139157625323822,0.0,0.0,0.9020609276486223,0.9020609276486223
1982-11-15,0.0,22.3,0.24,0.36,0.0,0.0,0.0,141.3181239880693,0.0,0.0,0.24,0.0,16.282199744057632,0.0,0.0,0.8569578812661911,0.8569578812661911
1982-11-16,0.0,21.6,0.24,0.366,0.0,0.0,0.0,141.07812398806928,0.0,0.0,0.24,0.0,15.46808975685475,0.0,0.0,0.8141099872028816,0.8141099872028816
1982-11-17,0.1,22.3,0.24,0.357,0.0,0.0,0.1,140.84966604554486,0.08845794252441357,0.0,0.24,0.0,14.778720314410206,0.0,0.0,0.7778273849689583,0.7778273849689583
1982-11-18,0.0,22.0,0.24,0.351,0.0,0.0,0.0,140.60966604554486,0.0,0.0,0.24,0.0,14.039784298689696,0.0,0.0,0.7389360157205104,0.7389360157205104
1982-11-19,0.0,23.0,0.24,0.335,0.0,0.0,0.0,140.36966604554485,0.0,0.0,0.24,0.0,13.33779508375521,0.0,0.0,0.7019892149344849,0.7019892149344849
1982-11-20,0.1,21.7,0.24,0.317,0.0,0.0,0.1,140.14209429823043,0.08757174731439016,0.0,0.24,0.0,12.754098489516121,0.0,0.0,0.6712683415534801,0.6712683415534801
1982-11-21,0.0,22.2,0.24,0.303,0.0,0.0,0.0,139.90209429823042,0.0,0.0,0.24,0.0,12.116393565040315,0.0,0.0,0.6377049244758061,0.6377049244758061
1982-11-22,0.0,21.9,0.24,0.303,0.0,0.0,0.0,139.66209429823041,0.0,0.0,0.24,0.0,11.5105738867883,0.0,0.0,0.6058196782520158,0.6058196782520158
1982-11-23,0.1,22.0,0.24,0.28,0.0,0.0,0.1,139.43540318452477,0.08669111370563469,0.0,0.24,0.0,11.017401750469238,0.0,0.0,0.5798632500246969,0.5798632500246969
1982-11-24,0.3,21.4,0.24,0.277,0.0,0.0,0.3,139.23617342904168,0.25922975548307975,0.0,0.24,0.0,10.712799930654702,0.0,0.0,0.563831575297616,0.563831575297616
1982-11-25,0.3,21.1,0.24,0.264,0.0,0.0,0.3,139.03768393582618,0.25848949321549564,0.0,0.24,0.0,10.422724952676688,0.0,0.0,0.5485644711935099,0.5485644711935099
1982-11-26,0.8,21.1,0.24,0.256,0.0,0.0,0.8,138.91034251167548,0.6873414241507092,0.0,0.24,0.0,10.554563057986028,0.0,0.0,0.5555033188413699,0.5555033188413699
1982-11-27,0.8,20.0,0.24,0.248,0.0,0.0,0.8,138.78425955143686,0.6860829602386133,0.0,0.24,0.0,10.678613717313409,0.0,0.0,0.5620323009112321,0.5620323009112321
1982-11-28,2.5,20.8,0.24,0.243,0.0,0.0,2.5,138.90414058485456,2.140118966582288,0.0,0.24,0.5120951732658305,11.569683031447738,0.0,0.12802379331645763,0.6089306858656705,0.7369544791821281
1982-11-29,1.1,21.3,0.24,0.236,0.0,0.0,1.1,138.82086074935327,0.9432798355012776,0.0,0.24,0.0,12.373805138204103,0.0,0.0,0.6512529020107424,0.6512529020107424
1982-11-30,0.4,21.0,0.24,0.231,0.0,0.0,0.4,138.63826108038987,0.3425996689634015,0.0,0.24,0.0,12.08058456680913,0.0,0.0,0.6358202403583753,0.6358202403583753
1982-12-01,0.2,22.0,0.24,0.228,0.0,0.0,0.2,138.42741159207523,0.17084948831461638,0.0,0.24,0.0,11.638862352367559,0.0,0.0,0.6125717027561873,0.6125717027561873
1982-12-02,0.2,19.9,0.24,0.233,0.0,0.0,0.2,138.21708138514114,0.17033020693406048,0.0,0.24,0.0,11.218732931336538,0.0,0.0,0.590459627965081,0.590459627965081
1982-12-03,0.0,20.3,0.24,0.241,0.0,0.0,0.0,137.97708138514113,0.0,0.0,0.24,0.0,10.657796284769711,0.0,0.0,0.560936646566827,0.560936646566827
1982-12-04,0.1,20.1,0.24,0.238,0.0,0.0,0.1,137.7524694963075,0.08461188883360826,0.0,0.24,0.0,10.205287764923153,0.0,0.0,0.537120408680166,0.537120408680166
1982-12-05,0.0,21.0,0.24,0.236,0.0,0.0,0.0,137.5124694963075,0.0,0.0,0.24,0.0,9.695023376676994,0.0,0.0,0.5102643882461576,0.5102643882461576
1982-12-06,0.1,21.8,0.24,0.224,0.0,0.0,0.1,137.28842647734314,0.08404301896432399,0.0,0.24,0.0,9.290113075859253,0.0,0.0,0.48895331978206596,0.48895331978206596
1982-12-07,0.0,22.0,0.24,0.216,0.0,0.0,0.0,137.04842647734313,0.0,0.0,0.24,0.0,8.825607422066291,0.0,0.0,0.46450565379296266,0.46450565379296266
1982-12-08,0.0,21.4,0.24,0.209,0.0,0.0,0.0,136.80842647734312,0.0,0.0,0.24,0.0,8.384327050962977,0.0,0.0,0.4412803711033146,0.4412803711033146
1982-12-09,0.0,21.4,0.24,0.202,0.0,0.0,0.0,136.5684264773431,0.0,0.0,0.24,0.0,7.965110698414828,0.0,0.0,0.4192163525481489,0.4192163525481489
1982-12-10,0.0,20.8,0.24,0.202,0.0,0.0,0.0,136.3284264773431,0.0,0.0,0.24,0.0,7.566855163494087,0.0,0.0,0.39825553492074145,0.39825553492074145
1982-12-11,0.1,20.5,0.24,0.196,0.0,0.0,0.1,136.10582452238404,0.08260195495905931,0.0,0.24,0.0,7.266984262530489,0.0,0.0,0.38247285592265734,0.38247285592265734
1982-12-12,0.6,20.8,0.24,0.185,0.0,0.0,0.6,135.97182997654622,0.49399454583781316,0.0,0.24,0.0,7.372929867949887,0.0,0.0,0.3880489404184151,0.3880489404184151
1982-12-13,0.7,20.9,0.24,0.18,0.0,0.0,0.7,135.85663722174533,0.575192754800869,0.0,0.24,0.0,7.550716491613219,0.0,0.0,0.39740613113753787,0.39740613113753787
1982-12-14,0.6,20.8,0.24,0.176,0.0,0.0,0.6,135.72444986501995,0.49218735672535785,0.0,0.24,0.0,7.6407586559216485,0.0,0.0,0.40214519241692886,0.40214519241692886
1982-12-15,0.4,20.5,0.24,0.172,0.0,0.0,0.4,135.5569631753993,0.3274866896206634,0.0,0.24,0.0,7.569833078265196,0.0,0.0,0.3984122672771156,0.3984122672771156
1982-12-16,2.0,21.4,0.24,0.168,0.0,0.0,2.0,135.68356848514713,1.6333946902521386,0.0,0.24,0.10671575220171085,8.616341424351937,0.0,0.026678938050427717,0.45349165391325985,0.48017059196368755
1982-12-17,0.1,20.9,0.24,0.164,0.0,0.0,0.1,135.46174612622772,0.08182235891939384,0.0,0.24,0.0,8.364635558699389,0.0,0.0,0.4402439767736521,0.4402439767736521
1982-12-18,0.0,21.1,0.24,0.162,0.0,0.0,0.0,135.2217461262277,0.0,0.0,0.24,0.0,7.9464037807644194,0.0,0.0,0.41823177793496946,0.41823177793496946
1982-12-19,0.0,21.5,0.24,0.16,0.0,0.0,0.0,134.9817461262277,0.0,0.0,0.24,0.0,7.549083591726198,0.0,0.0,0.39732018903822097,0.39732018903822097
1982-12-20,0.0,21.6,0.24,0.156,0.0,0.0,0.0,134.7417461262277,0.0,0.0,0.24,0.0,7.171629412139889,0.0,0.0,0.37745417958630995,0.37745417958630995
1982-12-21,0.0,21.7,0.24,0.154,0.0,0.0,0.0,134.5017461262277,0.0,0.0,0.24,0.0,6.813047941532894,0.0,0.0,0.35858147060699447,0.35858147060699447
1982-12-22,0.0,21.2,0.24,0.15,0.0,0.0,0.0,134.26174612622768,0.0,0.0,0.24,0.0,6.4723955444562495,0.0,0.0,0.34065239707664474,0.34065239707664474
1982-12-23,0.0,21.1,0.24,0.146,0.0,0.0,0.0,134.02174612622767,0.0,0.0,0.24,0.0,6.148775767233437,0.0,0.0,0.3236197772228125,0.3236197772228125
1982-12-24,0.0,21.6,0.24,0.142,0.0,0.0,0.0,133.78174612622766,0.0,0.0,0.24,0.0,5.841336978871765,0.0,0.0,0.3074387883616719,0.3074387883616719
1982-12-25,0.0,21.5,0.24,0.141,0.0,0.0,0.0,133.54174612622765,0.0,0.0,0.24,0.0,5.549270129928177,0.0,0.0,0.29206684894358825,0.29206684894358825
1982-12-26,0.0,21.3,0.24,0.137,0.0,0.0,0.0,133.30174612622764,0.0,0.0,0.24,0.0,5.271806623431768,0.0,0.0,0.27746350649640883,0.27746350649640883
1982-12-27,0.0,22.5,0.24,0.133,0.0,0.0,0.0,133.06174612622763,0.0,0.0,0.24,0.0,5.00821629226018,0.0,0.0,0.2635903311715884,0.2635903311715884
1982-12-28,0.0,22.6,0.24,0.13,0.0,0.0,0.0,132.82174612622762,0.0,0.0,0.24,0.0,4.757805477647171,0.0,0.0,0.250410814613009,0.250410814613009
1982-12-29,0.0,22.3,0.24,0.128,0.0,0.0,0.0,132.5817461262276,0.0,0.0,0.24,0.0,4.519915203764812,0.0,0.0,0.23789027388235856,0.23789027388235856
1982-12-30,0.0,22.1,0.24,0.126,0.0,0.0,0.0,132.3417461262276,0.0,0.0,0.24,0.0,4.293919443576572,0.0,0.0,0.22599576018824064,0.22599576018824064
1982-12-31,0.0,21.8,0.24,0.123,0.0,0.0,0.0,132.1017461262276,0.0,0.0,0.24,0.0,4.079223471397743,0.0,0.0,0.2146959721788286,0.2146959721788286
1983-01-01,0.0,21.0,0.24,0.123,0.0,0.0,0.0,131.8617461262276,0.0,0.0,0.24,0.0,3.875262297827856,0.0,0.0,0.20396117356988716,0.20396117356988716
1983-01-02,0.0,20.3,0.24,0.119,0.0,0.0,0.0,131.62174612622758,0.0,0.0,0.24,0.0,3.681499182936463,0.0,0.0,0.1937631148913928,0.1937631148913928
1983-01-03,0.0,20.5,0.24,0.118,0.0,0.0,0.0,131.38174612622757,0.0,0.0,0.24,0.0,3.49742422378964,0.0,0.0,0.18407495914682315,0.18407495914682315
1983-01-04,0.0,20.8,0.24,0.116,0.0,0.0,0.0,131.14174612622756,0.0,0.0,0.24,0.0,3.322553012600158,0.0,0.0,0.174871211189482,0.174871211189482
1983-01-05,0.0,20.1,0.24,0.11,0.0,0.0,0.0,130.90174612622755,0.0,0.0,0.24,0.0,3.15642536197015,0.0,0.0,0.1661276506300079,0.1661276506300079
1983-01-06,0.0,20.6,0.24,0.106,0.0,0.0,0.0,130.66174612622754,0.0,0.0,0.24,0.0,2.9986040938716423,0.0,0.0,0.1578212680985075,0.1578212680985075
1983-01-07,0.0,21.5,0.24,0.105,0.0,0.0,0.0,130.42174612622753,0.0,0.0,0.24,0.0,2.8486738891780603,0.0,0.0,0.14993020469358212,0.14993020469358212
1983-01-08,0.0,20.7,0.24,0.103,0.0,0.0,0.0,130.18174612622752,0.0,0.0,0.24,0.0,2.7062401947191574,0.0,0.0,0.14243369445890303,0.14243369445890303
1983-01-09,0.0,20.2,0.24,0.102,0.0,0.0,0.0,129.9417461262275,0.0,0.0,0.24,0.0,2.5709281849831997,0.0,0.0,0.1353120097359579,0.1353120097359579
1983-01-10,0.0,20.7,0.24,0.1,0.0,0.0,0.0,129.7017461262275,0.0,0.0,0.24,0.0,2.44238177573404,0.0,0.0,0.12854640924916,0.12854640924916
1983-01-11,0.0,21.2,0.24,0.1,0.0,0.0,0.0,129.4617461262275,0.0,0.0,0.24,0.0,2.3202626869473377,0.0,0.0,0.122119088786702,0.122119088786702
1983-01-12,0.0,21.4,0.24,0.099,0.0,0.0,0.0,129.2217461262275,0.0,0.0,0.24,0.0,2.204249552599971,0.0,0.0,0.11601313434736689,0.11601313434736689
1983-01-13,0.0,22.0,0.24,0.097,0.0,0.0,0.0,128.98174612622748,0.0,0.0,0.24,0.0,2.0940370749699726,0.0,0.0,0.11021247762999856,0.11021247762999856
1983-01-14,0.0,20.9,0.24,0.096,0.0,0.0,0.0,128.74174612622747,0.0,0.0,0.24,0.0,1.9893352212214739,0.0,0.0,0.10470185374849864,0.10470185374849864
1983-01-15,0.1,20.1,0.24,0.094,0.0,0.0,0.1,128.52808196091354,0.07366416531391114,0.0,0.24,0.0,1.9598494172086158,0.0,0.0,0.10314996932676926,0.10314996932676926
